{"playerPosition":{"x":991.330078125,"y":500.17901611328127,"z":0.0},"mapBoundary":"T1","energy":58.029056549072269,"sanity":50.0,"stress":100.0,"focus":0.0,"knowledge":0.0,"socialLife":0.0,"finances":0.0,"health":0.0,"sleep":0.0,"motivation":0.0,"luck":0.0,"procrastinationResistance":0.0}