{"playerPosition":{"x":958.4404296875,"y":444.16571044921877,"z":0.0},"mapBoundary":"T1","energy":35.067176818847659,"sanity":50.0,"stress":100.0,"focus":0.0,"knowledge":0.0,"socialLife":0.0,"finances":0.0,"health":0.0,"sleep":0.0,"motivation":0.0,"luck":0.0,"procrastinationResistance":0.0}